file,route,distance,time,backtracks,average_branching_factor
tsp-problem-100-100-100-25-1.txt,"[0, 49, 41, 70, 55, 51, 62, 78, 14, 36, 4, 85, 26, 69, 91, 38, 75, 98, 17, 57, 39, 53, 2, 58, 81, 73, 34, 65, 32, 87, 13, 67, 80, 47, 9, 8, 59, 23, 66, 50, 99, 5, 28, 6, 20, 42, 35, 12, 63, 79, 19, 21, 82, 52, 43, 16, 44, 76, 96, 7, 30, 46, 3, 86, 18, 29, 71, 10, 94, 40, 68, 27, 74, 48, 60, 1, 24, 97, 92, 45, 93, 84, 77, 15, 54, 90, 31, 64, 11, 83, 25, 95, 22, 33, 88, 89, 56, 72, 37, 61, 0]",4293.308320371215,17.040805101394653,4912,50.5
tsp-problem-100-100-100-5-1.txt,"[0, 4, 23, 18, 35, 46, 26, 42, 54, 38, 69, 31, 12, 72, 91, 92, 49, 87, 19, 40, 14, 59, 33, 39, 10, 89, 65, 48, 74, 37, 82, 61, 70, 83, 77, 32, 90, 9, 1, 13, 15, 67, 85, 95, 57, 75, 99, 25, 47, 24, 8, 98, 53, 56, 17, 63, 28, 52, 94, 2, 76, 60, 66, 45, 68, 44, 79, 30, 50, 34, 51, 88, 80, 81, 97, 11, 16, 41, 6, 64, 93, 22, 96, 5, 27, 29, 36, 7, 62, 3, 71, 86, 78, 21, 73, 43, 20, 84, 58, 55, 0]",8998.051629682168,16.72918176651001,4906,50.5
tsp-problem-100-1000-100-25-1.txt,"[0, 67, 47, 55, 29, 3, 75, 9, 53, 79, 32, 1, 40, 59, 24, 71, 35, 51, 37, 27, 19, 73, 23, 7, 36, 63, 14, 11, 65, 58, 85, 46, 52, 62, 18, 70, 33, 42, 99, 28, 83, 64, 17, 30, 77, 54, 10, 68, 34, 89, 76, 6, 95, 86, 45, 91, 82, 2, 81, 78, 15, 80, 48, 69, 31, 16, 26, 44, 25, 20, 57, 88, 21, 61, 4, 41, 49, 93, 8, 39, 96, 56, 97, 98, 92, 38, 66, 72, 12, 5, 94, 84, 60, 90, 43, 50, 13, 87, 74, 22, 0]",4554.568240153819,17.13940167427063,13853,27.586387434554975
tsp-problem-100-1000-100-25-1.txt,"[0, 67, 47, 55, 29, 3, 75, 9, 53, 79, 32, 1, 40, 59, 24, 71, 35, 51, 37, 27, 19, 73, 23, 7, 36, 63, 14, 11, 65, 58, 85, 46, 52, 62, 18, 70, 33, 42, 99, 28, 83, 64, 17, 30, 77, 54, 10, 68, 34, 89, 76, 6, 95, 86, 45, 91, 82, 2, 81, 78, 15, 80, 48, 69, 31, 16, 26, 44, 25, 20, 57, 88, 21, 61, 4, 41, 49, 93, 8, 39, 96, 56, 97, 98, 92, 38, 66, 72, 12, 5, 94, 87, 13, 50, 43, 90, 84, 60, 74, 22, 0]",4588.299845443193,17.04231071472168,4873,50.5
tsp-problem-100-1000-100-25-1.txt,"[0, 67, 47, 55, 29, 3, 75, 9, 53, 79, 32, 1, 40, 59, 24, 71, 35, 51, 37, 27, 19, 73, 23, 7, 36, 63, 14, 11, 65, 58, 85, 46, 52, 62, 18, 70, 33, 42, 99, 28, 83, 64, 17, 30, 77, 54, 10, 68, 34, 89, 76, 6, 95, 86, 45, 91, 82, 2, 81, 78, 15, 80, 48, 69, 31, 16, 26, 44, 25, 20, 57, 88, 21, 61, 4, 41, 49, 93, 8, 39, 96, 56, 97, 98, 92, 38, 66, 72, 12, 5, 94, 87, 13, 50, 43, 90, 60, 84, 74, 22, 0]",4562.260660936089,17.043718814849854,5266,48.588235294117645
tsp-problem-100-1000-100-25-1.txt,"[0, 67, 47, 55, 29, 3, 75, 9, 53, 79, 32, 1, 40, 59, 24, 71, 35, 51, 37, 27, 19, 73, 23, 7, 36, 63, 14, 11, 65, 58, 85, 46, 52, 62, 18, 70, 33, 42, 99, 28, 83, 64, 17, 30, 77, 54, 10, 68, 34, 89, 76, 6, 95, 86, 45, 91, 82, 2, 81, 78, 15, 80, 48, 69, 31, 16, 26, 44, 25, 20, 57, 88, 21, 61, 4, 41, 49, 93, 8, 39, 96, 56, 97, 98, 92, 38, 66, 72, 12, 5, 94, 87, 13, 84, 60, 90, 43, 50, 74, 22, 0]",4561.40118117125,17.096598863601685,10388,33.12258064516129
tsp-problem-100-1000-100-25-1.txt,"[0, 67, 47, 55, 29, 3, 75, 9, 53, 79, 32, 1, 40, 59, 24, 71, 35, 51, 37, 27, 19, 73, 23, 7, 36, 63, 14, 11, 65, 58, 85, 46, 52, 62, 18, 70, 33, 42, 99, 28, 83, 64, 17, 30, 77, 54, 10, 68, 34, 89, 76, 6, 95, 86, 45, 91, 82, 2, 81, 78, 15, 80, 48, 69, 31, 16, 26, 44, 25, 20, 57, 88, 21, 61, 4, 41, 49, 93, 8, 39, 96, 56, 97, 98, 92, 38, 66, 72, 50, 13, 87, 94, 84, 60, 90, 43, 12, 5, 74, 22, 0]",4538.841675063653,18.43443989753723,74935,10.283832335329341
tsp-problem-100-1000-100-25-1.txt,"[0, 67, 47, 55, 29, 3, 75, 9, 53, 79, 32, 1, 40, 59, 24, 71, 35, 51, 37, 27, 19, 73, 23, 7, 36, 63, 14, 11, 65, 58, 85, 46, 52, 62, 18, 70, 33, 42, 99, 28, 83, 64, 17, 30, 77, 54, 10, 68, 34, 89, 76, 6, 95, 86, 45, 91, 82, 2, 81, 78, 15, 80, 48, 69, 31, 16, 26, 44, 25, 20, 57, 88, 21, 61, 4, 41, 49, 93, 8, 39, 96, 56, 43, 90, 50, 13, 87, 94, 84, 60, 97, 98, 92, 38, 66, 72, 12, 5, 74, 22, 0]",4525.095269785801,31.55612325668335,253585,9.377055039313795
tsp-problem-100-1000-100-5-1.txt,"[0, 2, 21, 46, 37, 89, 62, 24, 13, 53, 58, 88, 3, 30, 41, 45, 40, 54, 39, 26, 18, 14, 93, 7, 29, 50, 85, 23, 80, 73, 71, 52, 64, 84, 90, 56, 99, 36, 55, 38, 82, 27, 15, 47, 57, 97, 66, 69, 81, 77, 17, 75, 65, 86, 51, 60, 61, 43, 10, 96, 79, 16, 34, 95, 92, 5, 1, 35, 25, 91, 6, 87, 28, 83, 48, 11, 44, 31, 72, 33, 98, 76, 78, 70, 20, 94, 59, 22, 12, 19, 8, 68, 74, 4, 63, 49, 67, 42, 9, 32, 0]",8892.600390882184,18.23862600326538,4883,50.5
tsp-problem-100-2000-100-25-1.txt,"[0, 33, 58, 80, 25, 73, 93, 41, 43, 10, 8, 40, 31, 87, 55, 49, 97, 86, 95, 78, 56, 65, 28, 39, 1, 16, 67, 82, 99, 35, 75, 32, 5, 53, 64, 2, 61, 90, 72, 63, 98, 88, 44, 62, 94, 46, 38, 91, 68, 29, 24, 76, 23, 71, 81, 13, 36, 21, 37, 19, 6, 69, 4, 57, 14, 20, 77, 34, 47, 9, 42, 17, 27, 12, 60, 92, 54, 66, 3, 79, 59, 30, 74, 84, 52, 85, 11, 7, 50, 51, 89, 18, 22, 48, 45, 26, 96, 83, 15, 70, 0]",4738.812543207583,18.193240642547607,53311,12.576354679802956
tsp-problem-100-2000-100-25-1.txt,"[0, 33, 58, 80, 25, 73, 93, 41, 43, 10, 8, 40, 31, 87, 55, 49, 97, 86, 95, 78, 56, 65, 28, 39, 1, 16, 67, 82, 99, 35, 75, 32, 5, 53, 64, 2, 61, 90, 72, 63, 98, 88, 44, 62, 94, 46, 38, 91, 68, 29, 24, 76, 23, 71, 81, 13, 36, 21, 37, 19, 6, 69, 4, 57, 14, 20, 77, 34, 47, 9, 42, 17, 27, 12, 60, 92, 54, 66, 3, 79, 59, 30, 74, 84, 52, 85, 11, 7, 50, 51, 89, 83, 96, 26, 45, 48, 22, 18, 15, 70, 0]",4773.570934408901,18.119443893432617,47144,13.625688073394496
tsp-problem-100-2000-100-25-1.txt,"[0, 33, 58, 80, 25, 73, 93, 41, 43, 10, 8, 40, 31, 87, 55, 49, 97, 86, 95, 78, 56, 65, 28, 39, 1, 16, 67, 82, 99, 35, 75, 32, 5, 53, 64, 2, 61, 90, 72, 63, 98, 88, 44, 62, 94, 46, 38, 91, 68, 29, 24, 76, 23, 71, 81, 13, 36, 21, 37, 19, 6, 69, 4, 57, 14, 20, 77, 34, 47, 9, 42, 17, 27, 12, 60, 92, 54, 66, 3, 79, 59, 30, 74, 84, 52, 85, 11, 51, 89, 18, 22, 48, 45, 26, 96, 83, 15, 70, 50, 7, 0]",4774.086172059561,17.255976676940918,14672,27.039800995024876
tsp-problem-100-2000-100-25-1.txt,"[0, 33, 58, 80, 25, 73, 93, 41, 43, 10, 8, 40, 31, 87, 55, 49, 97, 86, 95, 78, 56, 65, 28, 39, 1, 16, 67, 82, 99, 35, 75, 32, 5, 53, 64, 2, 61, 90, 72, 63, 98, 88, 44, 62, 94, 46, 38, 91, 68, 29, 24, 76, 23, 71, 81, 13, 36, 21, 37, 19, 6, 69, 4, 57, 14, 20, 77, 34, 47, 9, 42, 17, 27, 12, 60, 92, 54, 66, 3, 79, 59, 30, 74, 84, 52, 85, 11, 51, 89, 83, 96, 26, 45, 48, 22, 18, 50, 7, 15, 70, 0]",4777.361152622445,17.068619966506958,6191,44.85585585585586
tsp-problem-100-2000-100-25-1.txt,"[0, 33, 58, 80, 25, 73, 93, 41, 43, 10, 8, 40, 31, 87, 55, 49, 97, 86, 95, 78, 56, 65, 28, 39, 1, 16, 67, 82, 99, 35, 75, 32, 5, 53, 64, 2, 61, 90, 72, 63, 98, 88, 44, 62, 94, 46, 38, 91, 68, 29, 24, 76, 23, 71, 81, 13, 36, 21, 37, 19, 6, 69, 4, 57, 14, 20, 77, 34, 47, 9, 42, 17, 27, 12, 60, 92, 54, 66, 3, 79, 59, 30, 74, 84, 52, 85, 11, 7, 50, 51, 89, 18, 22, 70, 15, 83, 96, 26, 45, 48, 0]",4741.817706858247,18.171040058135986,50474,13.058620689655172
tsp-problem-100-2000-100-25-1.txt,"[0, 33, 58, 80, 25, 73, 93, 41, 43, 10, 8, 40, 31, 87, 55, 49, 97, 86, 95, 78, 56, 65, 28, 39, 1, 16, 67, 82, 99, 35, 75, 32, 5, 53, 64, 2, 61, 90, 72, 63, 98, 88, 44, 62, 94, 46, 38, 91, 68, 29, 24, 76, 23, 71, 81, 13, 36, 21, 37, 19, 6, 69, 4, 57, 14, 20, 77, 34, 47, 9, 42, 17, 27, 12, 60, 92, 54, 66, 3, 79, 59, 30, 74, 84, 52, 85, 11, 51, 89, 83, 96, 26, 45, 48, 22, 18, 15, 70, 50, 7, 0]",4808.844563260879,17.06729483604431,5834,46.0462962962963
tsp-problem-100-2000-100-25-1.txt,"[0, 33, 58, 80, 25, 73, 93, 41, 43, 10, 8, 40, 31, 87, 55, 49, 97, 86, 95, 78, 56, 65, 28, 39, 1, 16, 67, 82, 99, 35, 75, 32, 5, 53, 64, 2, 61, 90, 72, 63, 98, 88, 44, 62, 94, 46, 38, 91, 68, 29, 24, 76, 23, 71, 81, 13, 36, 21, 37, 19, 6, 69, 4, 57, 14, 20, 77, 34, 47, 9, 42, 17, 27, 12, 60, 92, 54, 66, 3, 79, 59, 30, 74, 84, 52, 85, 11, 51, 89, 83, 96, 26, 45, 48, 15, 70, 22, 18, 50, 7, 0]",4823.382972997178,17.0613796710968,4858,50.5
tsp-problem-100-2000-100-25-1.txt,"[0, 33, 58, 80, 25, 73, 93, 41, 43, 10, 8, 40, 31, 87, 55, 49, 97, 86, 95, 78, 56, 65, 28, 39, 1, 16, 67, 82, 99, 35, 75, 32, 5, 53, 64, 2, 61, 90, 72, 63, 98, 88, 44, 62, 94, 46, 38, 91, 68, 29, 24, 76, 23, 71, 81, 13, 36, 21, 37, 19, 6, 69, 4, 57, 14, 20, 77, 34, 47, 9, 42, 17, 27, 12, 60, 92, 54, 66, 3, 79, 59, 30, 74, 83, 96, 26, 45, 48, 22, 18, 89, 51, 50, 7, 11, 85, 52, 84, 15, 70, 0]",4727.151516580207,30.424437046051025,220428,9.763308763308764
tsp-problem-100-2000-100-5-1.txt,"[0, 83, 22, 12, 69, 33, 82, 99, 31, 90, 17, 72, 21, 74, 7, 95, 15, 28, 8, 19, 9, 42, 87, 57, 96, 60, 48, 71, 79, 27, 46, 44, 37, 41, 11, 47, 39, 65, 54, 10, 16, 5, 40, 81, 92, 3, 91, 64, 4, 53, 97, 98, 50, 1, 66, 59, 84, 25, 77, 45, 43, 61, 51, 36, 6, 55, 32, 62, 63, 93, 38, 88, 68, 23, 20, 58, 73, 35, 24, 29, 75, 49, 76, 52, 67, 78, 34, 26, 89, 56, 14, 94, 85, 13, 70, 18, 30, 2, 86, 80, 0]",8916.720037074549,16.88899254798889,4931,50.5
tsp-problem-100-2000-100-5-1.txt,"[0, 83, 22, 12, 69, 33, 82, 99, 31, 90, 17, 72, 21, 74, 7, 95, 15, 28, 8, 19, 9, 42, 87, 57, 96, 60, 48, 71, 79, 27, 46, 44, 37, 41, 11, 47, 39, 65, 54, 10, 16, 5, 40, 81, 92, 3, 91, 64, 4, 53, 97, 98, 50, 1, 66, 59, 84, 25, 77, 45, 43, 61, 51, 36, 6, 55, 32, 62, 63, 93, 38, 88, 68, 23, 20, 58, 73, 35, 24, 29, 75, 49, 76, 52, 67, 78, 34, 26, 89, 56, 14, 94, 85, 13, 70, 18, 30, 86, 80, 2, 0]",8915.184149579361,16.889617443084717,5149,49.039603960396036
tsp-problem-100-2000-100-5-1.txt,"[0, 83, 22, 12, 69, 33, 82, 99, 31, 90, 17, 72, 21, 74, 7, 95, 15, 28, 8, 19, 9, 42, 87, 57, 96, 60, 48, 71, 79, 27, 46, 44, 37, 41, 11, 47, 39, 65, 54, 10, 16, 5, 40, 81, 92, 3, 91, 64, 4, 53, 97, 98, 50, 1, 66, 59, 84, 25, 77, 45, 43, 61, 51, 36, 6, 55, 32, 62, 63, 93, 38, 88, 68, 23, 20, 58, 73, 35, 24, 29, 75, 49, 76, 52, 67, 78, 34, 26, 89, 56, 14, 94, 85, 2, 30, 86, 80, 13, 70, 18, 0]",8915.050738210628,17.29501986503601,130649,5.06468023255814
tsp-problem-100-4000-100-25-1.txt,"[0, 64, 63, 87, 80, 62, 76, 38, 93, 40, 86, 41, 97, 57, 67, 1, 58, 99, 54, 19, 55, 66, 90, 44, 85, 71, 37, 17, 70, 95, 24, 59, 68, 12, 16, 92, 35, 45, 10, 79, 84, 7, 91, 60, 94, 51, 73, 28, 74, 48, 83, 33, 5, 21, 98, 14, 2, 61, 96, 39, 50, 22, 49, 6, 52, 53, 3, 88, 34, 27, 29, 72, 23, 31, 69, 78, 89, 43, 42, 56, 18, 25, 8, 77, 20, 36, 26, 15, 65, 81, 47, 4, 11, 82, 75, 9, 13, 46, 32, 30, 0]",4732.596608193449,16.984081983566284,6437,43.79824561403509
tsp-problem-100-4000-100-25-1.txt,"[0, 64, 63, 87, 80, 62, 76, 38, 93, 40, 86, 41, 97, 57, 67, 1, 58, 99, 54, 19, 55, 66, 90, 44, 85, 71, 37, 17, 70, 95, 24, 59, 68, 12, 16, 92, 35, 45, 10, 79, 84, 7, 91, 60, 94, 51, 73, 28, 74, 48, 83, 33, 5, 21, 98, 14, 2, 61, 96, 39, 50, 22, 49, 6, 52, 53, 3, 88, 34, 27, 29, 72, 23, 31, 69, 78, 89, 43, 42, 56, 18, 25, 8, 77, 20, 36, 26, 15, 65, 81, 47, 4, 46, 13, 32, 30, 11, 82, 75, 9, 0]",4719.773921096748,17.021369218826294,10583,32.64968152866242
tsp-problem-100-4000-100-25-1.txt,"[0, 64, 63, 87, 80, 62, 76, 38, 93, 40, 86, 41, 97, 57, 67, 1, 58, 99, 54, 19, 55, 66, 90, 44, 85, 71, 37, 17, 70, 95, 24, 59, 68, 12, 16, 92, 35, 45, 10, 79, 84, 7, 91, 60, 94, 51, 73, 28, 74, 48, 83, 33, 5, 21, 98, 14, 2, 61, 96, 39, 50, 22, 49, 6, 52, 53, 3, 88, 34, 27, 29, 72, 23, 31, 69, 78, 89, 43, 42, 56, 18, 25, 8, 77, 20, 36, 26, 15, 65, 81, 47, 4, 82, 11, 9, 75, 46, 13, 32, 30, 0]",4718.684215445012,17.105964422225952,16453,24.665137614678898
tsp-problem-100-4000-100-25-1.txt,"[0, 64, 63, 87, 80, 62, 76, 38, 93, 40, 86, 41, 97, 57, 67, 1, 58, 99, 54, 19, 55, 66, 90, 44, 85, 71, 37, 17, 70, 95, 24, 59, 68, 12, 16, 92, 35, 45, 10, 79, 84, 7, 91, 60, 94, 51, 73, 28, 74, 48, 83, 33, 5, 21, 98, 14, 2, 61, 96, 39, 50, 22, 49, 6, 52, 53, 3, 88, 34, 27, 29, 72, 23, 31, 69, 78, 89, 43, 42, 56, 18, 25, 8, 77, 20, 36, 26, 15, 65, 81, 30, 32, 82, 11, 4, 47, 13, 46, 75, 9, 0]",4699.34726228211,17.23485016822815,22991,19.923344947735192
tsp-problem-100-4000-100-25-1.txt,"[0, 64, 63, 87, 80, 62, 76, 38, 93, 40, 86, 41, 97, 57, 67, 1, 58, 99, 54, 19, 55, 66, 90, 44, 85, 71, 37, 17, 70, 95, 24, 59, 68, 12, 16, 92, 35, 45, 10, 79, 84, 7, 91, 60, 94, 51, 73, 28, 74, 48, 83, 33, 5, 21, 98, 14, 2, 61, 96, 39, 50, 22, 49, 6, 52, 53, 3, 88, 34, 27, 29, 72, 23, 31, 69, 78, 89, 43, 42, 56, 18, 25, 8, 77, 20, 36, 26, 15, 65, 9, 75, 46, 13, 32, 30, 81, 47, 4, 11, 82, 0]",4695.516627120962,17.999841928482056,53435,12.392446633825944
tsp-problem-100-4000-100-25-1.txt,"[0, 64, 63, 87, 80, 62, 76, 38, 93, 40, 86, 41, 97, 57, 67, 1, 58, 99, 54, 19, 55, 66, 90, 44, 85, 71, 37, 17, 70, 95, 24, 59, 68, 12, 16, 92, 35, 45, 10, 79, 84, 7, 91, 60, 94, 51, 73, 28, 74, 48, 83, 33, 5, 21, 98, 14, 2, 61, 96, 39, 50, 22, 49, 6, 52, 53, 3, 88, 34, 27, 29, 72, 23, 31, 69, 78, 89, 43, 42, 56, 18, 25, 8, 77, 20, 36, 26, 15, 65, 9, 75, 82, 11, 4, 47, 81, 30, 32, 13, 46, 0]",4693.02973911403,18.081292867660522,58669,11.712349397590362
tsp-problem-100-4000-100-25-1.txt,"[0, 64, 63, 87, 80, 62, 76, 38, 93, 40, 86, 41, 97, 57, 67, 1, 58, 99, 54, 19, 55, 66, 90, 44, 85, 71, 37, 17, 70, 95, 24, 59, 68, 12, 16, 92, 35, 45, 10, 79, 84, 7, 91, 60, 94, 51, 73, 28, 74, 48, 83, 33, 5, 21, 98, 14, 2, 61, 96, 39, 50, 22, 49, 6, 52, 53, 3, 88, 34, 27, 29, 72, 23, 31, 69, 78, 89, 43, 42, 56, 18, 25, 8, 77, 20, 36, 26, 15, 65, 81, 47, 4, 11, 82, 32, 30, 13, 46, 75, 9, 0]",4740.707528867402,16.97311019897461,4860,50.5
tsp-problem-100-4000-100-25-1.txt,"[0, 64, 63, 87, 80, 62, 76, 38, 93, 40, 86, 41, 97, 57, 67, 1, 58, 99, 54, 19, 55, 66, 90, 44, 85, 71, 37, 17, 70, 95, 24, 59, 68, 12, 16, 92, 35, 45, 10, 79, 84, 7, 91, 60, 94, 51, 73, 28, 74, 48, 83, 33, 5, 21, 98, 14, 2, 61, 96, 39, 50, 22, 49, 6, 52, 53, 3, 88, 34, 27, 29, 72, 23, 31, 69, 78, 89, 43, 42, 56, 18, 25, 8, 77, 20, 36, 26, 15, 65, 81, 47, 4, 11, 82, 13, 46, 75, 9, 32, 30, 0]",4727.604406495377,16.99286437034607,7801,39.2890625
tsp-problem-100-4000-100-25-1.txt,"[0, 64, 63, 87, 80, 62, 76, 38, 93, 40, 86, 41, 97, 57, 67, 1, 58, 99, 54, 19, 55, 66, 90, 44, 85, 71, 37, 17, 70, 95, 24, 59, 68, 12, 16, 92, 35, 45, 10, 79, 84, 7, 91, 60, 94, 51, 73, 28, 74, 48, 83, 33, 5, 21, 98, 14, 2, 61, 96, 39, 50, 22, 49, 6, 52, 53, 3, 88, 34, 27, 29, 72, 23, 31, 69, 78, 89, 43, 42, 56, 18, 25, 8, 77, 20, 36, 26, 15, 65, 81, 47, 4, 11, 82, 9, 75, 46, 13, 32, 30, 0]",4724.100382091917,17.010258436203003,9737,34.41216216216216
tsp-problem-100-4000-100-5-1.txt,"[0, 64, 50, 86, 87, 2, 52, 58, 13, 14, 25, 5, 89, 85, 38, 55, 57, 49, 22, 8, 51, 69, 61, 47, 96, 24, 39, 88, 84, 73, 37, 17, 71, 97, 90, 60, 18, 54, 36, 76, 77, 1, 30, 68, 74, 41, 16, 62, 83, 65, 43, 26, 3, 19, 66, 6, 63, 67, 95, 59, 31, 82, 28, 21, 27, 40, 32, 33, 81, 11, 9, 15, 70, 10, 7, 35, 44, 12, 93, 23, 79, 53, 34, 42, 29, 80, 48, 56, 72, 4, 92, 98, 91, 20, 99, 94, 46, 78, 45, 75, 0]",8924.00671569476,19.481249570846558,4926,50.5
tsp-problem-100-500-100-25-1.txt,"[0, 23, 81, 72, 42, 78, 50, 10, 25, 91, 39, 11, 35, 51, 65, 5, 14, 28, 33, 79, 53, 92, 22, 61, 97, 58, 45, 40, 67, 34, 1, 18, 89, 80, 31, 86, 32, 27, 19, 9, 17, 26, 8, 29, 49, 94, 98, 82, 93, 24, 84, 37, 70, 68, 63, 56, 38, 66, 75, 76, 20, 47, 73, 88, 43, 99, 41, 83, 59, 4, 48, 7, 2, 60, 74, 87, 44, 30, 57, 21, 95, 13, 16, 46, 3, 90, 64, 6, 96, 55, 77, 36, 12, 85, 69, 71, 15, 62, 54, 52, 0]",4623.63817505224,17.683107137680054,4903,50.5
tsp-problem-100-500-100-25-1.txt,"[0, 23, 81, 72, 42, 78, 50, 10, 25, 91, 39, 11, 35, 51, 65, 5, 14, 28, 33, 79, 53, 92, 22, 61, 97, 58, 45, 40, 67, 34, 1, 18, 89, 80, 31, 86, 32, 27, 19, 9, 17, 26, 8, 29, 49, 94, 98, 82, 93, 24, 84, 37, 70, 68, 63, 56, 38, 66, 75, 76, 20, 47, 73, 88, 43, 99, 41, 83, 59, 4, 48, 7, 2, 60, 74, 87, 44, 30, 57, 21, 95, 13, 16, 46, 3, 90, 64, 6, 96, 55, 77, 36, 62, 15, 71, 12, 85, 69, 54, 52, 0]",4585.230093550601,17.81637167930603,13774,27.396825396825395
tsp-problem-100-500-100-25-1.txt,"[0, 23, 81, 72, 42, 78, 50, 10, 25, 91, 39, 11, 35, 51, 65, 5, 14, 28, 33, 79, 53, 92, 22, 61, 97, 58, 45, 40, 67, 34, 1, 18, 89, 80, 31, 86, 32, 27, 19, 9, 17, 26, 8, 29, 49, 94, 98, 82, 93, 24, 84, 37, 70, 68, 63, 56, 38, 66, 75, 76, 20, 47, 73, 88, 43, 99, 41, 83, 59, 4, 48, 7, 2, 60, 74, 87, 44, 30, 57, 21, 95, 13, 16, 46, 3, 90, 64, 6, 62, 15, 71, 69, 85, 12, 36, 77, 55, 96, 54, 52, 0]",4569.483450406563,19.664443731307983,54199,12.099025974025974
tsp-problem-100-500-100-25-1.txt,"[0, 23, 81, 72, 42, 78, 50, 10, 25, 91, 39, 11, 35, 51, 65, 5, 14, 28, 33, 79, 53, 92, 22, 61, 97, 58, 45, 40, 67, 34, 1, 18, 89, 80, 31, 86, 32, 27, 19, 9, 17, 26, 8, 29, 49, 94, 98, 82, 93, 24, 84, 37, 70, 68, 63, 56, 38, 66, 75, 76, 20, 47, 73, 88, 43, 99, 41, 83, 59, 4, 48, 7, 2, 60, 74, 87, 44, 30, 57, 21, 95, 13, 16, 46, 3, 90, 64, 6, 52, 54, 96, 55, 77, 36, 12, 85, 69, 71, 15, 62, 0]",4568.443392772906,20.692213535308838,80891,10.090100111234705
tsp-problem-100-500-100-25-1.txt,"[0, 23, 81, 72, 42, 78, 50, 10, 25, 91, 39, 11, 35, 51, 65, 5, 14, 28, 33, 79, 53, 92, 22, 61, 97, 58, 45, 40, 67, 34, 1, 18, 89, 80, 31, 86, 32, 27, 19, 9, 17, 26, 8, 29, 49, 94, 98, 82, 93, 24, 84, 37, 70, 68, 63, 56, 38, 66, 75, 76, 20, 47, 73, 88, 43, 99, 41, 83, 59, 4, 48, 7, 2, 60, 74, 87, 44, 30, 57, 21, 95, 13, 16, 46, 3, 69, 85, 12, 71, 15, 62, 6, 64, 90, 36, 77, 55, 96, 54, 52, 0]",4560.816736006418,40.93215870857239,637223,6.873574978076586
tsp-problem-100-500-100-5-1.txt,"[0, 19, 18, 60, 23, 69, 63, 14, 66, 46, 86, 44, 55, 90, 71, 30, 73, 27, 7, 1, 93, 64, 88, 6, 65, 2, 49, 48, 75, 47, 61, 17, 4, 32, 21, 56, 68, 15, 78, 76, 31, 97, 39, 13, 12, 38, 35, 53, 20, 50, 70, 81, 25, 11, 5, 59, 24, 84, 22, 9, 77, 87, 54, 42, 28, 51, 43, 79, 29, 72, 62, 10, 58, 26, 40, 94, 45, 16, 41, 98, 80, 36, 52, 82, 37, 8, 34, 99, 74, 92, 85, 95, 89, 83, 57, 91, 33, 67, 3, 96, 0]",9017.118067637051,16.837374687194824,4947,50.5
tsp-problem-100-500-100-5-1.txt,"[0, 19, 18, 60, 23, 69, 63, 14, 66, 46, 86, 44, 55, 90, 71, 30, 73, 27, 7, 1, 93, 64, 88, 6, 65, 2, 49, 48, 75, 47, 61, 17, 4, 32, 21, 56, 68, 15, 78, 76, 31, 97, 39, 13, 12, 38, 35, 53, 20, 50, 70, 81, 25, 11, 5, 59, 24, 84, 22, 9, 77, 87, 54, 42, 28, 51, 43, 79, 29, 72, 62, 10, 58, 26, 40, 94, 45, 16, 41, 98, 80, 36, 52, 82, 37, 8, 34, 99, 74, 92, 85, 95, 89, 83, 57, 91, 33, 96, 3, 67, 0]",9010.570709722684,16.83808708190918,5214,49.039603960396036
tsp-problem-25-125-100-25-1.txt,"[0, 3, 17, 6, 18, 15, 24, 23, 2, 9, 19, 14, 7, 11, 16, 13, 8, 12, 5, 21, 1, 4, 20, 10, 22, 0]",1645.7050922454262,0.09929180145263672,298,13.0
tsp-problem-25-125-100-25-1.txt,"[0, 3, 17, 6, 18, 15, 24, 23, 2, 9, 19, 14, 16, 11, 7, 10, 21, 1, 5, 12, 8, 13, 20, 4, 22, 0]",1580.728564725849,2.2160861492156982,77922,5.976800976800977
tsp-problem-25-125-100-25-1.txt,"[0, 3, 17, 6, 18, 15, 24, 23, 2, 9, 19, 14, 7, 10, 20, 4, 11, 16, 13, 8, 12, 5, 21, 1, 22, 0]",1586.586221330864,1.3432557582855225,41627,5.522003745318352
tsp-problem-25-125-100-25-1.txt,"[0, 3, 17, 6, 18, 15, 24, 23, 2, 9, 19, 14, 7, 10, 21, 1, 5, 12, 8, 11, 16, 13, 20, 4, 22, 0]",1590.796881710753,1.1689777374267578,34678,5.628283957518167
tsp-problem-25-125-100-25-1.txt,"[0, 3, 17, 6, 18, 15, 24, 23, 2, 9, 19, 14, 7, 11, 16, 13, 8, 12, 5, 1, 21, 10, 20, 4, 22, 0]",1603.3273242817668,0.10607171058654785,1294,6.014925373134329
tsp-problem-25-125-100-25-1.txt,"[0, 3, 17, 6, 18, 15, 24, 23, 2, 9, 19, 14, 7, 11, 16, 13, 8, 12, 5, 4, 20, 10, 21, 1, 22, 0]",1618.598477754273,0.10332179069519043,986,6.811320754716981
tsp-problem-25-125-100-25-1.txt,"[0, 3, 17, 6, 18, 15, 24, 23, 2, 9, 19, 1, 21, 5, 12, 8, 13, 20, 10, 7, 14, 16, 11, 4, 22, 0]",1579.2442844767452,9.762974739074707,358354,6.890534189114065
tsp-problem-25-125-100-5-1.txt,"[0, 13, 11, 8, 16, 10, 17, 21, 14, 7, 23, 19, 4, 22, 5, 20, 15, 9, 12, 18, 2, 24, 1, 3, 6, 0]",2295.4371574811735,0.04633450508117676,282,13.0
tsp-problem-25-250-100-25-1.txt,"[0, 4, 20, 9, 16, 15, 12, 6, 23, 24, 17, 5, 8, 19, 3, 7, 1, 2, 10, 22, 13, 14, 18, 11, 21, 0]",1434.7922262944467,7.743873119354248,167965,7.5910645796620715
tsp-problem-25-250-100-25-1.txt,"[0, 4, 20, 9, 16, 15, 12, 6, 23, 8, 5, 19, 3, 7, 18, 11, 21, 22, 14, 13, 1, 2, 10, 17, 24, 0]",1452.6826613688468,0.06984066963195801,2307,6.439024390243903
tsp-problem-25-250-100-25-1.txt,"[0, 4, 20, 9, 16, 15, 12, 6, 23, 24, 17, 10, 2, 1, 7, 3, 19, 5, 8, 22, 13, 14, 18, 11, 21, 0]",1447.1625038194018,6.819082736968994,113763,8.45570909090909
tsp-problem-25-250-100-25-1.txt,"[0, 4, 20, 9, 16, 15, 12, 6, 23, 8, 5, 19, 3, 7, 18, 21, 11, 2, 1, 13, 14, 22, 10, 17, 24, 0]",1472.699620178892,0.050266265869140625,896,7.901960784313726
tsp-problem-25-250-100-25-1.txt,"[0, 4, 20, 9, 16, 15, 12, 6, 23, 8, 5, 19, 3, 7, 18, 21, 11, 22, 14, 13, 1, 2, 10, 17, 24, 0]",1492.8425258211428,0.045929908752441406,300,13.0
tsp-problem-25-250-100-25-1.txt,"[0, 4, 20, 9, 16, 15, 12, 6, 23, 24, 17, 10, 2, 1, 13, 14, 22, 21, 11, 18, 7, 3, 19, 8, 5, 0]",1444.5548775962295,6.995163917541504,128055,8.082309420002643
tsp-problem-25-250-100-25-1.txt,"[0, 4, 20, 9, 16, 15, 12, 6, 23, 8, 5, 19, 3, 7, 1, 2, 10, 17, 24, 22, 13, 14, 18, 11, 21, 0]",1450.509229760823,0.13378405570983887,5793,6.198697068403908
tsp-problem-25-250-100-5-1.txt,"[0, 19, 15, 7, 24, 18, 10, 16, 12, 20, 4, 9, 8, 13, 11, 17, 21, 22, 1, 14, 23, 6, 3, 5, 2, 0]",2313.6284544852347,0.04976296424865723,513,9.515151515151516
tsp-problem-25-250-100-5-1.txt,"[0, 19, 15, 7, 24, 18, 10, 16, 12, 20, 4, 9, 8, 13, 11, 17, 21, 22, 1, 14, 23, 5, 3, 6, 2, 0]",2317.1880497506713,0.049375057220458984,349,11.653846153846153
tsp-problem-25-250-100-5-1.txt,"[0, 19, 15, 7, 24, 18, 10, 16, 12, 20, 4, 9, 8, 13, 11, 17, 21, 22, 1, 14, 23, 5, 2, 6, 3, 0]",2322.693501801968,0.04923081398010254,279,13.0
tsp-problem-25-31-100-25-1.txt,"[0, 11, 3, 17, 24, 6, 21, 8, 16, 4, 22, 1, 15, 23, 14, 18, 2, 13, 5, 20, 10, 7, 12, 9, 19, 0]",1409.6340695244935,7.178218364715576,330690,6.351736972704715
tsp-problem-25-31-100-25-1.txt,"[0, 11, 3, 17, 24, 6, 21, 8, 16, 4, 22, 1, 18, 14, 23, 15, 13, 2, 5, 20, 10, 7, 12, 9, 19, 0]",1409.6545986351862,6.524311065673828,293222,6.4369737258626145
tsp-problem-25-31-100-25-1.txt,"[0, 11, 3, 17, 24, 6, 21, 8, 16, 4, 19, 9, 13, 2, 18, 14, 23, 15, 22, 1, 5, 20, 10, 7, 12, 0]",1410.4411942434413,0.0455322265625,288,13.0
tsp-problem-25-31-100-5-1.txt,"[0, 16, 12, 11, 7, 1, 22, 20, 6, 4, 5, 13, 15, 23, 17, 21, 19, 14, 3, 2, 10, 8, 18, 24, 9, 0]",2321.364757861594,0.0809171199798584,285,13.0
tsp-problem-25-31-100-5-1.txt,"[0, 16, 12, 11, 7, 1, 22, 20, 6, 4, 5, 13, 15, 23, 17, 21, 19, 14, 3, 2, 10, 8, 9, 24, 18, 0]",2312.3162352791705,0.0812082290649414,365,11.653846153846153
tsp-problem-25-31-100-5-1.txt,"[0, 16, 12, 11, 7, 1, 22, 20, 6, 4, 5, 13, 15, 23, 17, 21, 19, 24, 9, 8, 10, 2, 3, 14, 18, 0]",2310.1015190502635,1.0493011474609375,207920,1.6113173585330183
tsp-problem-25-6-100-25-1.txt,"[0, 12, 6, 2, 21, 3, 9, 4, 16, 20, 10, 15, 7, 23, 13, 18, 8, 14, 19, 11, 24, 22, 1, 17, 5, 0]",1435.2309656442478,0.5635662078857422,56869,4.063328424153166
tsp-problem-25-6-100-25-1.txt,"[0, 12, 6, 2, 21, 3, 9, 4, 16, 20, 10, 15, 7, 23, 11, 24, 22, 1, 5, 17, 19, 14, 8, 18, 13, 0]",1459.0332121838674,0.30147695541381836,34078,3.7889165628891655
tsp-problem-25-6-100-25-1.txt,"[0, 12, 6, 2, 21, 3, 9, 4, 16, 20, 10, 15, 7, 23, 11, 19, 14, 8, 24, 22, 1, 17, 5, 18, 13, 0]",1469.3978562879072,0.1667780876159668,16127,4.045513654096228
tsp-problem-25-6-100-25-1.txt,"[0, 12, 6, 2, 21, 3, 9, 4, 16, 20, 10, 15, 7, 23, 11, 17, 19, 14, 5, 1, 22, 24, 8, 18, 13, 0]",1469.3978562879074,0.08264780044555664,6156,4.176271186440678
tsp-problem-25-6-100-25-1.txt,"[0, 12, 6, 2, 21, 3, 9, 4, 16, 20, 10, 15, 7, 23, 11, 17, 5, 1, 22, 24, 8, 18, 13, 14, 19, 0]",1493.200102827527,0.04369688034057617,295,13.0
tsp-problem-25-6-100-25-1.txt,"[0, 12, 6, 2, 21, 3, 9, 4, 16, 20, 10, 15, 7, 23, 13, 18, 5, 17, 11, 19, 14, 8, 24, 22, 1, 0]",1445.5956097482879,0.5310585498809814,52612,4.097735399284863
tsp-problem-25-6-100-5-1.txt,"[0, 5, 13, 1, 2, 10, 9, 23, 3, 12, 8, 18, 4, 17, 20, 24, 15, 19, 22, 11, 21, 16, 6, 7, 14, 0]",2468.7874689241416,0.04574751853942871,290,13.0
tsp-problem-25-6-100-5-1.txt,"[0, 5, 13, 1, 2, 10, 9, 23, 3, 12, 8, 18, 4, 17, 20, 24, 15, 19, 22, 11, 21, 7, 14, 16, 6, 0]",2467.8731023301552,0.04651904106140137,517,9.515151515151516
tsp-problem-25-6-100-5-1.txt,"[0, 5, 13, 1, 2, 10, 9, 23, 3, 12, 8, 18, 4, 17, 20, 24, 15, 19, 22, 11, 14, 7, 21, 16, 6, 0]",2467.873102330155,0.051019906997680664,2204,4.066666666666666
tsp-problem-25-6-100-5-1.txt,"[0, 5, 13, 1, 2, 10, 9, 23, 3, 12, 8, 18, 4, 17, 20, 24, 15, 19, 22, 14, 7, 21, 11, 16, 6, 0]",2467.3644238289203,0.07017827033996582,9932,2.1816091954022987
tsp-problem-25-6-100-5-1.txt,"[0, 5, 13, 1, 2, 10, 9, 23, 3, 12, 8, 18, 4, 17, 20, 24, 15, 19, 22, 7, 14, 6, 16, 21, 11, 0]",2464.271819195811,0.0948331356048584,19587,1.8878394332939787
tsp-problem-25-6-100-5-1.txt,"[0, 5, 13, 1, 2, 10, 9, 23, 3, 12, 8, 18, 4, 17, 20, 24, 15, 19, 6, 16, 21, 7, 14, 22, 11, 0]",2463.7631406945757,0.11890482902526855,29491,1.7874015748031495
tsp-problem-25-6-100-5-1.txt,"[0, 5, 13, 1, 2, 10, 9, 23, 3, 12, 8, 18, 4, 17, 20, 24, 15, 14, 7, 22, 19, 6, 16, 21, 11, 0]",2462.852032594334,0.5900716781616211,207913,1.6113173585330183
tsp-problem-25-6-100-5-1.txt,"[0, 5, 13, 1, 2, 10, 9, 23, 3, 12, 8, 18, 4, 17, 20, 24, 15, 19, 22, 14, 7, 21, 16, 6, 11, 0]",2464.674248794818,0.07033443450927734,10008,2.175799086757991
tsp-problem-25-62-100-25-1.txt,"[0, 12, 8, 1, 5, 4, 9, 17, 20, 19, 6, 11, 15, 7, 18, 22, 23, 13, 24, 10, 3, 21, 14, 2, 16, 0]",1568.2160146284114,15.384776592254639,642368,6.284540527941262
tsp-problem-25-62-100-25-1.txt,"[0, 12, 8, 1, 5, 4, 9, 17, 20, 19, 6, 13, 23, 22, 18, 7, 15, 11, 24, 10, 3, 21, 14, 2, 16, 0]",1578.0383809169646,8.337523937225342,407391,6.126940004632847
tsp-problem-25-62-100-25-1.txt,"[0, 12, 8, 1, 5, 4, 9, 17, 20, 19, 6, 3, 21, 23, 13, 24, 10, 11, 15, 7, 18, 22, 14, 2, 16, 0]",1581.3791504117116,0.04616546630859375,292,13.0
tsp-problem-25-62-100-5-1.txt,"[0, 14, 7, 5, 23, 8, 12, 24, 6, 19, 10, 22, 17, 15, 1, 11, 2, 21, 3, 16, 13, 18, 9, 4, 20, 0]",2330.084072073807,0.0914773941040039,296,13.0
tsp-problem-50-1000-100-25-1.txt,"[0, 11, 18, 36, 48, 32, 2, 7, 40, 34, 47, 35, 20, 6, 15, 17, 26, 30, 9, 1, 37, 10, 5, 4, 14, 44, 43, 46, 21, 12, 49, 19, 38, 42, 31, 27, 33, 22, 39, 13, 3, 8, 29, 25, 16, 45, 23, 28, 24, 41, 0]",2705.5185760793834,1.8425416946411133,62341,6.1884669479606185
tsp-problem-50-1000-100-25-1.txt,"[0, 11, 18, 36, 48, 32, 2, 7, 40, 34, 47, 35, 20, 6, 15, 17, 26, 30, 9, 1, 37, 10, 5, 4, 14, 44, 43, 46, 21, 12, 49, 19, 38, 42, 31, 27, 33, 22, 41, 24, 28, 23, 45, 25, 16, 39, 13, 3, 8, 29, 0]",2737.0008531107155,0.8616256713867188,6827,10.476744186046512
tsp-problem-50-1000-100-25-1.txt,"[0, 11, 18, 36, 48, 32, 2, 7, 40, 34, 47, 35, 20, 6, 15, 17, 26, 30, 9, 1, 37, 10, 5, 4, 14, 44, 43, 46, 21, 12, 49, 19, 38, 42, 31, 27, 33, 22, 41, 24, 28, 23, 45, 25, 16, 29, 8, 3, 13, 39, 0]",2744.859751174621,0.8603122234344482,6503,10.824242424242424
tsp-problem-50-1000-100-25-1.txt,"[0, 11, 18, 36, 48, 32, 2, 7, 40, 34, 47, 35, 20, 6, 15, 17, 26, 30, 9, 1, 37, 10, 5, 4, 14, 44, 43, 46, 21, 12, 49, 19, 38, 42, 31, 27, 33, 22, 39, 13, 3, 8, 29, 16, 25, 45, 23, 28, 24, 41, 0]",2704.1128549182727,1.8478057384490967,62943,6.1658536585365855
tsp-problem-50-1000-100-25-1.txt,"[0, 11, 18, 36, 48, 32, 2, 7, 40, 34, 47, 35, 20, 6, 15, 17, 26, 30, 9, 1, 37, 10, 5, 4, 14, 44, 43, 46, 21, 12, 49, 19, 38, 42, 31, 27, 33, 22, 41, 29, 8, 3, 13, 39, 16, 25, 45, 23, 28, 24, 0]",2755.0503329737744,0.7900512218475342,1200,25.5
tsp-problem-50-1000-100-25-1.txt,"[0, 11, 18, 36, 48, 32, 2, 7, 40, 34, 47, 35, 20, 6, 15, 17, 26, 30, 9, 1, 37, 10, 5, 4, 14, 44, 43, 46, 21, 12, 49, 19, 38, 42, 31, 27, 33, 22, 25, 16, 45, 23, 28, 24, 41, 13, 39, 29, 8, 3, 0]",2706.2657210822235,1.283015489578247,36714,6.0347305389221555
tsp-problem-50-1000-100-25-1.txt,"[0, 11, 18, 36, 48, 32, 2, 7, 40, 34, 47, 35, 20, 6, 15, 17, 26, 30, 9, 1, 37, 10, 5, 4, 14, 44, 43, 46, 21, 12, 49, 19, 38, 42, 31, 27, 33, 22, 25, 16, 23, 45, 13, 39, 29, 8, 3, 28, 24, 41, 0]",2719.689183828183,1.1105613708496094,23003,6.919324577861163
tsp-problem-50-1000-100-25-1.txt,"[0, 11, 18, 36, 48, 32, 2, 7, 40, 34, 47, 35, 20, 6, 15, 17, 26, 30, 9, 1, 37, 10, 5, 4, 14, 44, 43, 46, 21, 12, 49, 19, 38, 42, 31, 27, 33, 22, 41, 24, 28, 23, 16, 25, 45, 13, 39, 29, 8, 3, 0]",2727.6553067749974,0.881732702255249,9648,8.605150214592275
tsp-problem-50-1000-100-25-1.txt,"[0, 11, 18, 36, 48, 32, 2, 7, 40, 34, 47, 35, 20, 6, 15, 17, 26, 30, 9, 1, 37, 10, 5, 4, 14, 44, 43, 46, 21, 12, 49, 19, 38, 42, 31, 27, 33, 22, 41, 29, 8, 3, 13, 39, 24, 28, 23, 45, 25, 16, 0]",2745.944042716248,0.7938210964202881,2048,19.21212121212121
tsp-problem-50-1000-100-5-1.txt,"[0, 43, 45, 7, 13, 16, 32, 9, 22, 4, 17, 40, 20, 24, 44, 29, 8, 42, 46, 28, 37, 25, 18, 38, 10, 39, 12, 5, 36, 30, 21, 11, 23, 19, 26, 3, 31, 41, 35, 33, 34, 15, 6, 14, 47, 27, 1, 2, 48, 49, 0]",4554.315323105629,0.7699785232543945,1225,25.5
tsp-problem-50-1000-100-5-1.txt,"[0, 43, 45, 7, 13, 16, 32, 9, 22, 4, 17, 40, 20, 24, 44, 29, 8, 42, 46, 28, 37, 25, 18, 38, 10, 39, 12, 5, 36, 30, 21, 11, 23, 19, 26, 3, 31, 41, 35, 33, 34, 15, 6, 14, 47, 27, 49, 48, 1, 2, 0]",4547.966778571,0.7710742950439453,1663,21.362068965517242
tsp-problem-50-1000-100-5-1.txt,"[0, 43, 45, 7, 13, 16, 32, 9, 22, 4, 17, 40, 20, 24, 44, 29, 8, 42, 46, 28, 37, 25, 18, 38, 10, 39, 12, 5, 36, 30, 21, 11, 23, 19, 26, 3, 31, 41, 35, 33, 34, 15, 6, 48, 49, 14, 47, 27, 1, 2, 0]",4543.588618720541,1.091076374053955,120966,2.036478984932593
tsp-problem-50-125-100-25-1.txt,"[0, 33, 27, 48, 19, 2, 32, 23, 46, 14, 6, 20, 37, 16, 8, 29, 40, 18, 22, 35, 9, 49, 15, 11, 45, 38, 36, 1, 26, 41, 34, 24, 25, 42, 43, 47, 10, 13, 44, 12, 30, 5, 17, 4, 21, 3, 28, 31, 7, 39, 0]",3147.162251264205,0.7937018871307373,1215,25.5
tsp-problem-50-125-100-25-1.txt,"[0, 33, 27, 48, 19, 2, 32, 23, 46, 14, 6, 20, 37, 16, 8, 29, 40, 18, 22, 35, 9, 49, 15, 11, 45, 38, 36, 1, 26, 41, 34, 24, 25, 42, 43, 47, 10, 13, 44, 12, 30, 5, 4, 17, 3, 21, 7, 31, 28, 39, 0]",3110.7233382215545,0.8353879451751709,7935,8.659685863874346
tsp-problem-50-125-100-25-1.txt,"[0, 33, 27, 48, 19, 2, 32, 23, 46, 14, 6, 20, 37, 16, 8, 29, 40, 18, 22, 35, 9, 49, 15, 11, 45, 38, 36, 1, 26, 41, 34, 24, 25, 42, 43, 47, 10, 13, 44, 12, 30, 5, 17, 4, 3, 21, 7, 31, 28, 39, 0]",3141.0692275974347,0.8043174743652344,3839,13.106796116504855
tsp-problem-50-125-100-5-1.txt,"[0, 38, 4, 32, 24, 5, 2, 1, 43, 18, 21, 19, 39, 15, 8, 42, 48, 3, 35, 30, 6, 45, 14, 20, 29, 23, 12, 9, 28, 31, 22, 44, 47, 13, 17, 33, 46, 10, 11, 41, 49, 25, 36, 40, 37, 16, 27, 7, 34, 26, 0]",4495.794167913867,0.8016245365142822,5174,10.4
tsp-problem-50-125-100-5-1.txt,"[0, 38, 4, 32, 24, 5, 2, 1, 43, 18, 21, 19, 39, 15, 8, 42, 48, 3, 35, 30, 6, 45, 14, 20, 29, 23, 12, 9, 28, 31, 22, 44, 47, 13, 17, 33, 46, 10, 11, 41, 49, 25, 36, 40, 37, 26, 34, 7, 27, 16, 0]",4499.622181993964,0.7918732166290283,1192,25.5
tsp-problem-50-25-100-25-1.txt,"[0, 42, 47, 6, 21, 29, 20, 14, 31, 2, 18, 10, 35, 22, 1, 46, 33, 11, 27, 25, 34, 5, 19, 30, 12, 41, 23, 4, 37, 43, 32, 48, 49, 40, 15, 24, 44, 28, 13, 7, 39, 45, 26, 16, 9, 8, 38, 3, 17, 36, 0]",2349.1187448791043,0.8817305564880371,1212,25.5
tsp-problem-50-25-100-25-1.txt,"[0, 42, 47, 6, 21, 29, 20, 14, 31, 2, 18, 10, 35, 22, 1, 46, 33, 11, 27, 25, 34, 5, 19, 30, 12, 41, 23, 4, 37, 43, 32, 48, 49, 40, 15, 24, 44, 36, 17, 3, 39, 45, 28, 13, 7, 26, 16, 9, 8, 38, 0]",2337.1039792134125,2.8310446739196777,101845,6.343481989708405
tsp-problem-50-25-100-25-1.txt,"[0, 42, 47, 6, 21, 29, 20, 14, 31, 2, 18, 10, 35, 22, 1, 46, 33, 11, 27, 25, 34, 5, 19, 30, 12, 41, 23, 4, 37, 43, 32, 48, 15, 24, 44, 36, 17, 3, 38, 8, 9, 16, 26, 7, 39, 45, 28, 13, 40, 49, 0]",2335.287001322971,51.867074489593506,1230485,8.191097519537886
tsp-problem-50-25-100-25-1.txt,"[0, 42, 47, 6, 21, 29, 20, 14, 31, 2, 18, 10, 35, 22, 1, 46, 33, 11, 27, 25, 34, 5, 19, 30, 12, 41, 23, 4, 37, 43, 32, 48, 15, 24, 44, 36, 17, 3, 38, 8, 9, 16, 26, 45, 39, 7, 13, 28, 40, 49, 0]",2334.4890342230856,51.87021446228027,1231052,8.188879831533184
tsp-problem-50-25-100-5-1.txt,"[0, 42, 9, 19, 29, 2, 5, 16, 4, 39, 12, 35, 26, 43, 40, 27, 45, 38, 49, 48, 7, 24, 36, 3, 8, 33, 31, 6, 11, 1, 13, 21, 34, 30, 20, 10, 17, 18, 32, 41, 14, 15, 25, 46, 44, 37, 23, 47, 22, 28, 0]",4660.075171874701,1.8409245014190674,422393,1.713158797301932
tsp-problem-50-25-100-5-1.txt,"[0, 42, 9, 19, 29, 2, 5, 16, 4, 39, 12, 35, 26, 43, 40, 27, 45, 38, 49, 48, 7, 24, 36, 3, 8, 33, 31, 6, 11, 1, 13, 21, 34, 30, 20, 10, 17, 18, 32, 41, 14, 15, 22, 47, 25, 46, 44, 23, 37, 28, 0]",4661.368166334315,0.7753560543060303,11179,6.0984251968503935
tsp-problem-50-25-100-5-1.txt,"[0, 42, 9, 19, 29, 2, 5, 16, 4, 39, 12, 35, 26, 43, 40, 27, 45, 38, 49, 48, 7, 24, 36, 3, 8, 33, 31, 6, 11, 1, 13, 21, 34, 30, 20, 10, 17, 18, 32, 41, 14, 15, 22, 47, 23, 37, 25, 44, 46, 28, 0]",4665.1428394431505,0.7503421306610107,1204,25.5
tsp-problem-50-25-100-5-1.txt,"[0, 42, 9, 19, 29, 2, 5, 16, 4, 39, 12, 35, 26, 43, 40, 27, 45, 38, 49, 48, 7, 24, 36, 3, 8, 33, 31, 6, 11, 1, 13, 21, 34, 30, 20, 10, 17, 18, 32, 41, 14, 15, 22, 47, 23, 44, 46, 25, 37, 28, 0]",4663.506527494551,0.7552025318145752,3190,14.47191011235955
tsp-problem-50-250-100-25-1.txt,"[0, 30, 3, 27, 37, 5, 29, 44, 20, 41, 28, 25, 35, 49, 4, 42, 36, 15, 23, 46, 34, 14, 26, 17, 16, 9, 47, 31, 6, 7, 2, 19, 10, 11, 45, 18, 21, 48, 39, 13, 33, 12, 40, 24, 8, 43, 1, 22, 32, 38, 0]",2692.1697069319425,0.796015739440918,2534,17.157894736842106
tsp-problem-50-250-100-25-1.txt,"[0, 30, 3, 27, 37, 5, 29, 44, 20, 41, 28, 25, 35, 49, 4, 42, 36, 15, 23, 46, 34, 14, 26, 17, 16, 9, 47, 31, 6, 7, 2, 19, 10, 11, 45, 18, 21, 48, 39, 13, 24, 8, 43, 1, 22, 33, 12, 40, 32, 38, 0]",2622.991372839653,0.922419548034668,13983,7.092307692307692
tsp-problem-50-250-100-25-1.txt,"[0, 30, 3, 27, 37, 5, 29, 44, 20, 41, 28, 25, 35, 49, 4, 42, 36, 15, 23, 46, 34, 14, 26, 17, 16, 9, 47, 31, 6, 7, 2, 19, 10, 11, 45, 18, 21, 48, 39, 13, 33, 12, 40, 32, 38, 24, 8, 43, 1, 22, 0]",2711.3473095851955,0.7885642051696777,1198,25.5
tsp-problem-50-250-100-25-1.txt,"[0, 30, 3, 27, 37, 5, 29, 44, 20, 41, 28, 25, 35, 49, 4, 42, 36, 15, 23, 46, 34, 14, 26, 17, 16, 9, 47, 31, 6, 7, 2, 19, 10, 11, 45, 18, 21, 48, 39, 13, 33, 22, 1, 43, 8, 24, 38, 32, 40, 12, 0]",2677.4432190296156,0.8317422866821289,7208,9.344632768361581
tsp-problem-50-250-100-25-1.txt,"[0, 30, 3, 27, 37, 5, 29, 44, 20, 41, 28, 25, 35, 49, 4, 42, 36, 15, 23, 46, 34, 14, 26, 17, 16, 9, 47, 31, 6, 7, 2, 19, 10, 11, 45, 18, 43, 1, 22, 33, 12, 40, 21, 48, 39, 13, 24, 8, 32, 38, 0]",2619.7677166925005,11.228161096572876,414344,6.079084066574791
tsp-problem-50-250-100-25-1.txt,"[0, 30, 3, 27, 37, 5, 29, 44, 20, 41, 28, 25, 35, 49, 4, 42, 36, 15, 23, 46, 34, 14, 26, 17, 16, 9, 47, 31, 6, 7, 2, 19, 10, 11, 45, 18, 21, 40, 12, 33, 43, 1, 22, 48, 39, 13, 24, 8, 32, 38, 0]",2621.7440298110205,1.6327250003814697,51803,6.1685012701100765
tsp-problem-50-250-100-5-1.txt,"[0, 28, 31, 18, 49, 17, 16, 42, 24, 45, 30, 8, 7, 1, 11, 40, 2, 19, 25, 48, 9, 5, 47, 33, 41, 14, 32, 15, 44, 13, 21, 27, 26, 4, 12, 6, 3, 20, 46, 22, 37, 29, 36, 38, 35, 23, 39, 43, 34, 10, 0]",4568.605164699956,0.7808241844177246,8114,7.570680628272251
tsp-problem-50-250-100-5-1.txt,"[0, 28, 31, 18, 49, 17, 16, 42, 24, 45, 30, 8, 7, 1, 11, 40, 2, 19, 25, 48, 9, 5, 47, 33, 41, 14, 32, 15, 44, 13, 21, 27, 26, 4, 12, 6, 3, 20, 46, 22, 37, 35, 38, 36, 29, 34, 43, 39, 23, 10, 0]",4565.446288841076,11.290154457092285,3207100,1.6181151658696276
tsp-problem-50-250-100-5-1.txt,"[0, 28, 31, 18, 49, 17, 16, 42, 24, 45, 30, 8, 7, 1, 11, 40, 2, 19, 25, 48, 9, 5, 47, 33, 41, 14, 32, 15, 44, 13, 21, 27, 26, 4, 12, 6, 3, 20, 46, 22, 37, 35, 38, 36, 29, 43, 39, 23, 10, 34, 0]",4563.472208324189,11.294976234436035,3209110,1.618079845615728
tsp-problem-50-250-100-5-1.txt,"[0, 28, 31, 18, 49, 17, 16, 42, 24, 45, 30, 8, 7, 1, 11, 40, 2, 19, 25, 48, 9, 5, 47, 33, 41, 14, 32, 15, 44, 13, 21, 27, 26, 4, 12, 6, 3, 20, 46, 22, 37, 29, 36, 38, 35, 23, 10, 43, 39, 34, 0]",4569.692501899993,0.7788918018341064,7314,8.160919540229886
tsp-problem-50-250-100-5-1.txt,"[0, 28, 31, 18, 49, 17, 16, 42, 24, 45, 30, 8, 7, 1, 11, 40, 2, 19, 25, 48, 9, 5, 47, 33, 41, 14, 32, 15, 44, 13, 21, 27, 26, 4, 12, 6, 3, 20, 46, 22, 37, 29, 36, 38, 35, 34, 43, 39, 23, 10, 0]",4570.459573078141,0.764122724533081,1186,25.5
tsp-problem-50-500-100-25-1.txt,"[0, 8, 37, 14, 32, 20, 21, 34, 36, 22, 40, 49, 25, 18, 44, 7, 12, 13, 31, 46, 4, 26, 35, 43, 15, 16, 6, 9, 41, 27, 5, 48, 30, 45, 33, 17, 42, 38, 29, 2, 24, 3, 47, 28, 10, 11, 19, 1, 23, 39, 0]",2870.3988005905126,1.1482758522033691,41997,4.835306781485468
tsp-problem-50-500-100-25-1.txt,"[0, 8, 37, 14, 32, 20, 21, 34, 36, 22, 40, 49, 25, 18, 44, 7, 12, 13, 31, 46, 4, 26, 35, 43, 15, 16, 6, 9, 41, 27, 5, 48, 30, 45, 33, 17, 42, 38, 29, 2, 28, 47, 3, 1, 19, 24, 10, 11, 23, 39, 0]",2890.585325175222,0.8428778648376465,8363,8.38
tsp-problem-50-500-100-25-1.txt,"[0, 8, 37, 14, 32, 20, 21, 34, 36, 22, 40, 49, 25, 18, 44, 7, 12, 13, 31, 46, 4, 26, 35, 43, 15, 16, 6, 9, 41, 27, 5, 48, 30, 45, 33, 17, 42, 38, 29, 2, 28, 47, 3, 1, 19, 24, 23, 39, 11, 10, 0]",2890.7101097374125,0.8423171043395996,8141,8.51530612244898
tsp-problem-50-500-100-25-1.txt,"[0, 8, 37, 14, 32, 20, 21, 34, 36, 22, 40, 49, 25, 18, 44, 7, 12, 13, 31, 46, 4, 26, 35, 43, 15, 16, 6, 9, 41, 27, 5, 48, 30, 45, 33, 17, 42, 38, 29, 2, 28, 47, 24, 3, 1, 19, 11, 10, 23, 39, 0]",2896.106687617387,0.7998394966125488,1215,25.5
tsp-problem-50-500-100-25-1.txt,"[0, 8, 37, 14, 32, 20, 21, 34, 36, 22, 40, 49, 25, 18, 44, 7, 12, 13, 31, 46, 4, 26, 35, 43, 15, 16, 6, 9, 41, 27, 5, 48, 30, 45, 33, 17, 42, 38, 29, 2, 11, 10, 28, 47, 3, 24, 19, 1, 23, 39, 0]",2868.216547225627,1.4823474884033203,71384,4.643992371265099
tsp-problem-50-500-100-25-1.txt,"[0, 8, 37, 14, 32, 20, 21, 34, 36, 22, 40, 49, 25, 18, 44, 7, 12, 13, 31, 46, 4, 26, 35, 43, 15, 16, 6, 9, 41, 27, 5, 48, 11, 10, 28, 47, 3, 24, 19, 1, 23, 39, 33, 45, 30, 17, 42, 38, 29, 2, 0]",2822.1668630167633,54.1860237121582,1376551,7.768093265838319
tsp-problem-50-500-100-25-1.txt,"[0, 8, 37, 14, 32, 20, 21, 34, 36, 22, 40, 49, 25, 18, 44, 7, 12, 13, 31, 46, 4, 26, 35, 43, 15, 16, 6, 9, 41, 27, 5, 48, 30, 45, 33, 17, 42, 38, 39, 23, 1, 19, 24, 3, 47, 28, 10, 11, 29, 2, 0]",2830.773613364426,2.5398645401000977,136933,5.001314492277358
tsp-problem-50-500-100-25-1.txt,"[0, 8, 37, 14, 32, 20, 21, 34, 36, 22, 40, 49, 25, 18, 44, 7, 12, 13, 31, 46, 4, 26, 35, 43, 15, 16, 6, 9, 41, 27, 5, 48, 30, 45, 33, 17, 42, 38, 29, 2, 28, 47, 3, 24, 19, 1, 23, 39, 11, 10, 0]",2882.8739617999654,0.8542802333831787,10557,7.299595141700405
tsp-problem-50-500-100-25-1.txt,"[0, 8, 37, 14, 32, 20, 21, 34, 36, 22, 40, 49, 25, 18, 44, 7, 12, 13, 31, 46, 4, 26, 35, 43, 15, 16, 6, 9, 41, 27, 5, 48, 30, 45, 33, 17, 42, 38, 29, 2, 28, 10, 11, 19, 1, 3, 47, 24, 23, 39, 0]",2874.7356295643413,1.011122465133667,29487,5.041221374045802
tsp-problem-50-500-100-5-1.txt,"[0, 36, 29, 15, 27, 5, 3, 13, 40, 35, 48, 25, 28, 26, 39, 10, 9, 49, 37, 12, 45, 33, 42, 7, 4, 43, 11, 41, 17, 2, 32, 8, 46, 24, 31, 34, 44, 18, 20, 22, 14, 47, 16, 6, 30, 21, 23, 38, 19, 1, 0]",4556.504113856011,0.8071556091308594,1177,25.5
tsp-problem-75-1125-100-25-1.txt,"[0, 67, 65, 39, 22, 8, 11, 10, 15, 37, 48, 17, 73, 5, 38, 27, 9, 60, 4, 61, 25, 24, 36, 51, 35, 14, 63, 74, 43, 42, 29, 66, 18, 59, 53, 7, 70, 64, 44, 3, 45, 33, 28, 50, 56, 57, 20, 31, 23, 2, 46, 16, 12, 34, 52, 13, 21, 49, 68, 40, 71, 55, 54, 30, 47, 1, 69, 58, 32, 19, 41, 62, 26, 6, 72, 0]",3920.2504493776787,6.423571348190308,3999,31.366666666666667
tsp-problem-75-1125-100-25-1.txt,"[0, 67, 65, 39, 22, 8, 11, 10, 15, 37, 48, 17, 73, 5, 38, 27, 9, 60, 4, 61, 25, 24, 36, 51, 35, 14, 63, 74, 43, 42, 29, 66, 18, 59, 53, 7, 70, 64, 44, 3, 45, 33, 28, 50, 56, 57, 20, 31, 23, 2, 46, 16, 12, 34, 52, 13, 21, 49, 68, 40, 71, 55, 54, 30, 47, 1, 69, 58, 62, 41, 19, 32, 26, 6, 72, 0]",3922.2598171595214,6.415438175201416,2773,38.0
tsp-problem-75-1125-100-25-1.txt,"[0, 67, 65, 39, 22, 8, 11, 10, 15, 37, 48, 17, 73, 5, 38, 27, 9, 60, 4, 61, 25, 24, 36, 51, 35, 14, 63, 74, 43, 42, 29, 66, 18, 59, 53, 7, 70, 64, 44, 3, 45, 33, 28, 50, 56, 57, 20, 31, 23, 2, 46, 16, 12, 34, 52, 13, 21, 49, 68, 40, 32, 19, 41, 62, 58, 69, 1, 72, 6, 26, 55, 71, 54, 30, 47, 0]",3916.350463457154,24.589993715286255,591158,6.6713674719685585
tsp-problem-75-1125-100-25-1.txt,"[0, 67, 65, 39, 22, 8, 11, 10, 15, 37, 48, 17, 73, 5, 38, 27, 9, 60, 4, 61, 25, 24, 36, 51, 35, 14, 63, 74, 43, 42, 29, 66, 18, 59, 53, 7, 70, 64, 44, 3, 45, 33, 28, 50, 56, 57, 20, 31, 23, 2, 46, 16, 12, 34, 52, 13, 21, 49, 68, 40, 32, 19, 41, 62, 26, 6, 72, 1, 69, 58, 55, 71, 54, 30, 47, 0]",3910.8710563700774,25.255765199661255,635226,6.531852969710036
tsp-problem-75-1125-100-5-1.txt,"[0, 42, 60, 68, 66, 46, 65, 6, 37, 24, 34, 53, 4, 52, 71, 19, 67, 49, 36, 15, 18, 1, 72, 21, 28, 30, 58, 70, 11, 40, 55, 23, 5, 9, 12, 41, 51, 59, 39, 16, 26, 27, 7, 2, 43, 45, 33, 64, 10, 14, 74, 13, 47, 69, 44, 57, 29, 35, 56, 17, 61, 63, 8, 54, 62, 48, 20, 38, 22, 50, 31, 73, 25, 32, 3, 0]",6767.19835403969,6.125709295272827,20840,9.884375
tsp-problem-75-1125-100-5-1.txt,"[0, 42, 60, 68, 66, 46, 65, 6, 37, 24, 34, 53, 4, 52, 71, 19, 67, 49, 36, 15, 18, 1, 72, 21, 28, 30, 58, 70, 11, 40, 55, 23, 5, 9, 12, 41, 51, 59, 39, 16, 26, 27, 7, 2, 43, 45, 33, 64, 10, 14, 74, 13, 47, 69, 44, 57, 29, 35, 56, 17, 61, 63, 8, 54, 62, 48, 20, 38, 22, 31, 73, 25, 32, 3, 50, 0]",6775.529964046081,6.073345899581909,2751,38.0
tsp-problem-75-1125-100-5-1.txt,"[0, 42, 60, 68, 66, 46, 65, 6, 37, 24, 34, 53, 4, 52, 71, 19, 67, 49, 36, 15, 18, 1, 72, 21, 28, 30, 58, 70, 11, 40, 55, 23, 5, 9, 12, 41, 51, 59, 39, 16, 26, 27, 7, 2, 43, 45, 33, 64, 10, 14, 74, 13, 47, 69, 44, 57, 29, 35, 56, 17, 61, 63, 8, 54, 62, 48, 38, 20, 32, 25, 73, 31, 22, 50, 3, 0]",6763.795203049268,22.032138109207153,4656222,1.6529252386503261
tsp-problem-75-1125-100-5-1.txt,"[0, 42, 60, 68, 66, 46, 65, 6, 37, 24, 34, 53, 4, 52, 71, 19, 67, 49, 36, 15, 18, 1, 72, 21, 28, 30, 58, 70, 11, 40, 55, 23, 5, 9, 12, 41, 51, 59, 39, 16, 26, 27, 7, 2, 43, 45, 33, 64, 10, 14, 74, 13, 47, 69, 44, 57, 29, 35, 56, 17, 61, 63, 8, 54, 62, 48, 20, 38, 22, 31, 50, 3, 32, 25, 73, 0]",6768.083755062311,6.081591606140137,5785,24.894736842105264
tsp-problem-75-2250-100-25-1.txt,"[0, 38, 22, 67, 19, 2, 50, 1, 6, 29, 62, 33, 64, 53, 55, 59, 5, 8, 28, 10, 51, 31, 73, 40, 69, 46, 16, 25, 21, 15, 66, 17, 49, 18, 44, 20, 36, 14, 23, 42, 71, 65, 48, 58, 70, 32, 68, 35, 24, 41, 30, 63, 3, 26, 72, 4, 43, 61, 34, 45, 52, 74, 9, 12, 37, 47, 57, 56, 27, 60, 7, 39, 11, 13, 54, 0]",3773.6078305874184,4.320580005645752,12192,16.07766990291262
tsp-problem-75-2250-100-25-1.txt,"[0, 38, 22, 67, 19, 2, 50, 1, 6, 29, 62, 33, 64, 53, 55, 59, 5, 8, 28, 10, 51, 31, 73, 40, 69, 46, 16, 25, 21, 15, 66, 17, 49, 18, 44, 20, 36, 14, 23, 42, 71, 65, 48, 58, 70, 32, 68, 35, 24, 41, 30, 63, 3, 26, 72, 4, 43, 61, 34, 45, 52, 74, 9, 12, 37, 7, 60, 27, 56, 57, 47, 39, 11, 13, 54, 0]",3812.5339979619316,4.264997243881226,8758,19.56050955414013
tsp-problem-75-2250-100-25-1.txt,"[0, 38, 22, 67, 19, 2, 50, 1, 6, 29, 62, 33, 64, 53, 55, 59, 5, 8, 28, 10, 51, 31, 73, 40, 69, 46, 16, 25, 21, 15, 66, 17, 49, 18, 44, 20, 36, 14, 23, 42, 71, 65, 48, 58, 70, 32, 68, 35, 24, 41, 30, 63, 3, 26, 72, 4, 43, 61, 34, 45, 52, 74, 9, 12, 37, 7, 39, 11, 13, 56, 57, 47, 60, 27, 54, 0]",3841.4287353390946,4.210689306259155,3626,32.976470588235294
tsp-problem-75-2250-100-25-1.txt,"[0, 38, 22, 67, 19, 2, 50, 1, 6, 29, 62, 33, 64, 53, 55, 59, 5, 8, 28, 10, 51, 31, 73, 40, 69, 46, 16, 25, 21, 15, 66, 17, 49, 18, 44, 20, 36, 14, 23, 42, 71, 65, 48, 58, 70, 32, 68, 35, 24, 41, 30, 63, 3, 26, 72, 4, 43, 61, 34, 45, 52, 74, 9, 12, 37, 7, 39, 11, 13, 54, 27, 60, 47, 57, 56, 0]",3857.357274138869,4.206146717071533,2757,38.0
tsp-problem-75-2250-100-5-1.txt,"[0, 23, 37, 27, 1, 41, 68, 51, 8, 73, 54, 24, 5, 52, 69, 72, 50, 57, 44, 17, 58, 36, 33, 40, 70, 14, 61, 22, 38, 35, 45, 46, 30, 25, 71, 26, 32, 64, 21, 16, 62, 48, 10, 53, 9, 67, 63, 43, 47, 29, 19, 66, 28, 39, 13, 15, 3, 18, 56, 7, 12, 6, 60, 4, 34, 31, 65, 11, 49, 20, 55, 42, 59, 2, 74, 0]",6778.5190941277915,4.9932403564453125,2775,38.0
tsp-problem-75-281-100-25-1.txt,"[0, 38, 13, 25, 44, 41, 63, 1, 19, 28, 65, 54, 66, 26, 2, 45, 72, 33, 71, 9, 67, 7, 51, 46, 6, 36, 37, 40, 4, 21, 57, 16, 24, 68, 35, 61, 27, 50, 56, 52, 31, 47, 34, 53, 48, 22, 15, 29, 39, 14, 20, 32, 73, 23, 58, 8, 18, 42, 5, 62, 10, 17, 60, 3, 30, 64, 11, 55, 43, 49, 70, 74, 69, 59, 12, 0]",3804.9128261415963,5.408407926559448,2785,37.527027027027025
tsp-problem-75-281-100-25-1.txt,"[0, 38, 13, 25, 44, 41, 63, 1, 19, 28, 65, 54, 66, 26, 2, 45, 72, 33, 71, 9, 67, 7, 51, 46, 6, 36, 37, 40, 4, 21, 57, 16, 24, 68, 35, 61, 27, 50, 56, 52, 31, 47, 34, 53, 48, 22, 15, 29, 39, 14, 20, 32, 73, 23, 58, 8, 18, 42, 5, 62, 10, 17, 60, 3, 30, 64, 11, 55, 43, 49, 59, 69, 74, 70, 12, 0]",3746.4223993471205,5.412887811660767,3369,34.0609756097561
tsp-problem-75-281-100-25-1.txt,"[0, 38, 13, 25, 44, 41, 63, 1, 19, 28, 65, 54, 66, 26, 2, 45, 72, 33, 71, 9, 67, 7, 51, 46, 6, 36, 37, 40, 4, 21, 57, 16, 24, 68, 35, 61, 27, 50, 56, 52, 31, 47, 34, 53, 48, 22, 15, 29, 39, 14, 20, 32, 73, 23, 58, 8, 18, 42, 5, 62, 10, 17, 60, 3, 30, 49, 70, 74, 69, 59, 43, 55, 11, 64, 12, 0]",3730.383821451023,6.222703456878662,34293,9.075
tsp-problem-75-281-100-5-1.txt,"[0, 40, 10, 37, 13, 30, 18, 1, 22, 50, 12, 64, 65, 3, 33, 35, 27, 71, 67, 58, 61, 2, 39, 60, 14, 4, 9, 72, 25, 73, 28, 6, 53, 49, 32, 7, 5, 51, 38, 15, 23, 47, 34, 57, 69, 42, 8, 66, 62, 56, 16, 48, 46, 59, 36, 11, 43, 52, 17, 31, 29, 20, 45, 70, 55, 44, 68, 26, 19, 24, 41, 74, 63, 21, 54, 0]",6777.615511753651,4.24811577796936,2976,36.55263157894737
tsp-problem-75-281-100-5-1.txt,"[0, 40, 10, 37, 13, 30, 18, 1, 22, 50, 12, 64, 65, 3, 33, 35, 27, 71, 67, 58, 61, 2, 39, 60, 14, 4, 9, 72, 25, 73, 28, 6, 53, 49, 32, 7, 5, 51, 38, 15, 23, 47, 34, 57, 69, 42, 8, 66, 62, 56, 16, 48, 46, 59, 36, 11, 43, 52, 17, 31, 29, 20, 45, 70, 55, 44, 68, 26, 19, 24, 41, 74, 54, 21, 63, 0]",6777.721016306401,4.247539520263672,2764,38.0
tsp-problem-75-56-100-25-1.txt,"[0, 61, 15, 6, 71, 4, 72, 58, 52, 50, 49, 16, 53, 3, 70, 68, 23, 74, 31, 27, 38, 62, 13, 45, 20, 64, 55, 73, 1, 7, 26, 30, 51, 69, 32, 25, 63, 35, 2, 57, 48, 18, 8, 43, 14, 39, 34, 19, 66, 47, 22, 40, 12, 33, 24, 10, 44, 17, 29, 67, 46, 54, 37, 28, 11, 42, 65, 41, 56, 60, 9, 21, 59, 5, 36, 0]",4017.8082621959907,5.6663947105407715,82405,6.071966527196652
tsp-problem-75-56-100-25-1.txt,"[0, 61, 15, 6, 71, 4, 72, 58, 52, 50, 49, 16, 53, 3, 70, 68, 23, 74, 31, 27, 38, 62, 13, 45, 20, 64, 55, 73, 1, 7, 26, 30, 51, 69, 32, 25, 63, 35, 2, 57, 48, 18, 8, 43, 14, 39, 34, 19, 66, 47, 22, 40, 12, 33, 24, 10, 44, 17, 29, 67, 46, 54, 37, 28, 11, 41, 42, 65, 9, 21, 56, 60, 59, 5, 36, 0]",4025.137821317298,4.990081787109375,29570,9.075892857142858
tsp-problem-75-56-100-25-1.txt,"[0, 61, 15, 6, 71, 4, 72, 58, 52, 50, 49, 16, 53, 3, 70, 68, 23, 74, 31, 27, 38, 62, 13, 45, 20, 64, 55, 73, 1, 7, 26, 30, 51, 69, 32, 25, 63, 35, 2, 57, 48, 18, 8, 43, 14, 39, 34, 19, 66, 47, 22, 40, 12, 33, 24, 10, 44, 17, 29, 67, 46, 54, 37, 28, 11, 41, 42, 65, 56, 60, 9, 21, 59, 5, 36, 0]",4033.4484860375683,4.958556175231934,26139,9.7425
tsp-problem-75-56-100-25-1.txt,"[0, 61, 15, 6, 71, 4, 72, 58, 52, 50, 49, 16, 53, 3, 70, 68, 23, 74, 31, 27, 38, 62, 13, 45, 20, 64, 55, 73, 1, 7, 26, 30, 51, 69, 32, 25, 63, 35, 2, 57, 48, 18, 8, 43, 14, 39, 34, 19, 66, 47, 22, 40, 12, 33, 24, 10, 44, 17, 29, 67, 46, 54, 37, 28, 11, 41, 65, 9, 21, 56, 60, 59, 5, 42, 36, 0]",4039.6895492168,4.922566652297974,22724,10.545454545454545
tsp-problem-75-56-100-25-1.txt,"[0, 61, 15, 6, 71, 4, 72, 58, 52, 50, 49, 16, 53, 3, 70, 68, 23, 74, 31, 27, 38, 62, 13, 45, 20, 64, 55, 73, 1, 7, 26, 30, 51, 69, 32, 25, 63, 35, 2, 57, 48, 18, 8, 43, 14, 39, 34, 19, 66, 47, 22, 40, 12, 33, 24, 10, 44, 17, 29, 67, 46, 54, 37, 28, 11, 41, 65, 42, 5, 59, 60, 56, 21, 9, 36, 0]",4046.2852322916733,4.785955190658569,8082,20.26530612244898
tsp-problem-75-56-100-25-1.txt,"[0, 61, 15, 6, 71, 4, 72, 58, 52, 50, 49, 16, 53, 3, 70, 68, 23, 74, 31, 27, 38, 62, 13, 45, 20, 64, 55, 73, 1, 7, 26, 30, 51, 69, 32, 25, 63, 35, 2, 57, 48, 18, 8, 43, 14, 39, 34, 19, 66, 47, 22, 40, 12, 33, 24, 10, 44, 17, 29, 67, 46, 28, 11, 54, 37, 21, 9, 60, 56, 41, 65, 42, 36, 5, 59, 0]",3981.8133286311845,16.121164083480835,450311,5.836866359447004
tsp-problem-75-56-100-25-1.txt,"[0, 61, 15, 6, 71, 4, 72, 58, 52, 50, 49, 16, 53, 3, 70, 68, 23, 74, 31, 27, 38, 62, 13, 45, 20, 64, 55, 73, 1, 7, 26, 30, 51, 69, 32, 25, 63, 35, 2, 57, 48, 18, 8, 43, 14, 39, 34, 19, 66, 47, 22, 40, 12, 33, 24, 10, 44, 17, 29, 67, 46, 54, 37, 28, 11, 41, 65, 42, 36, 5, 59, 60, 56, 9, 21, 0]",4049.525190649046,4.751813173294067,2722,38.0
tsp-problem-75-56-100-25-1.txt,"[0, 61, 15, 6, 71, 4, 72, 58, 52, 50, 49, 16, 53, 3, 70, 68, 23, 74, 31, 27, 38, 62, 13, 45, 20, 64, 55, 73, 1, 7, 26, 30, 51, 69, 32, 25, 63, 35, 2, 57, 48, 18, 8, 43, 14, 39, 34, 19, 66, 47, 22, 40, 12, 33, 24, 10, 44, 17, 29, 67, 46, 54, 37, 28, 11, 9, 21, 56, 60, 59, 5, 36, 42, 65, 41, 0]",3995.209510343308,6.4303061962127686,148534,5.153809971777987
tsp-problem-75-56-100-5-1.txt,"[0, 24, 37, 51, 20, 62, 26, 11, 68, 58, 72, 70, 9, 23, 74, 13, 41, 5, 48, 22, 1, 18, 53, 73, 63, 55, 32, 33, 15, 40, 44, 7, 57, 54, 56, 59, 47, 27, 50, 10, 43, 12, 49, 34, 8, 65, 2, 19, 61, 67, 21, 28, 30, 31, 66, 29, 3, 46, 60, 52, 4, 71, 16, 6, 35, 69, 39, 38, 17, 36, 14, 45, 64, 42, 25, 0]",6886.373812424223,21.560118198394775,4648447,1.6660040702352217
tsp-problem-75-56-100-5-1.txt,"[0, 24, 37, 51, 20, 62, 26, 11, 68, 58, 72, 70, 9, 23, 74, 13, 41, 5, 48, 22, 1, 18, 53, 73, 63, 55, 32, 33, 15, 40, 44, 7, 57, 54, 56, 59, 47, 27, 50, 10, 43, 12, 49, 34, 8, 65, 2, 19, 61, 67, 21, 28, 30, 31, 66, 29, 3, 46, 60, 52, 4, 71, 16, 6, 35, 69, 14, 45, 64, 42, 25, 39, 38, 17, 36, 0]",6886.753041894251,7.186912536621094,709581,1.8661100803957946
tsp-problem-75-56-100-5-1.txt,"[0, 24, 37, 51, 20, 62, 26, 11, 68, 58, 72, 70, 9, 23, 74, 13, 41, 5, 48, 22, 1, 18, 53, 73, 63, 55, 32, 33, 15, 40, 44, 7, 57, 54, 56, 59, 47, 27, 50, 10, 43, 12, 49, 34, 8, 65, 2, 19, 61, 67, 21, 28, 30, 31, 66, 29, 3, 46, 60, 52, 4, 71, 16, 6, 35, 69, 14, 38, 17, 36, 45, 64, 42, 39, 25, 0]",6887.941333642132,5.359321594238281,93545,3.6106870229007635
tsp-problem-75-56-100-5-1.txt,"[0, 24, 37, 51, 20, 62, 26, 11, 68, 58, 72, 70, 9, 23, 74, 13, 41, 5, 48, 22, 1, 18, 53, 73, 63, 55, 32, 33, 15, 40, 44, 7, 57, 54, 56, 59, 47, 27, 50, 10, 43, 12, 49, 34, 8, 65, 2, 19, 61, 67, 21, 28, 30, 31, 66, 29, 3, 46, 60, 52, 4, 71, 16, 6, 35, 69, 14, 38, 39, 25, 42, 64, 45, 36, 17, 0]",6890.252072982322,5.087941646575928,2718,38.0
tsp-problem-75-562-100-25-1.txt,"[0, 25, 47, 11, 42, 33, 8, 15, 41, 31, 39, 72, 1, 37, 51, 58, 20, 22, 18, 71, 40, 44, 54, 53, 28, 57, 24, 56, 14, 62, 60, 29, 70, 30, 19, 12, 45, 34, 69, 50, 65, 9, 35, 10, 61, 55, 43, 52, 5, 49, 73, 38, 63, 27, 46, 17, 59, 68, 26, 74, 16, 64, 7, 23, 36, 4, 48, 66, 21, 67, 6, 2, 13, 32, 3, 0]",3574.912110365003,6.368342161178589,2704,38.0
tsp-problem-75-562-100-25-1.txt,"[0, 25, 47, 11, 42, 33, 8, 15, 41, 31, 39, 72, 1, 37, 51, 58, 20, 22, 18, 71, 40, 44, 54, 53, 28, 57, 24, 56, 14, 62, 60, 29, 70, 30, 19, 12, 45, 34, 69, 50, 65, 9, 35, 10, 61, 55, 43, 52, 5, 49, 73, 38, 63, 27, 46, 17, 59, 68, 66, 48, 4, 36, 23, 7, 64, 16, 74, 26, 21, 67, 6, 2, 13, 32, 3, 0]",3569.68145700538,9.23719573020935,53945,11.762016412661195
tsp-problem-75-562-100-5-1.txt,"[0, 43, 17, 29, 48, 6, 44, 38, 58, 37, 71, 46, 59, 18, 35, 14, 34, 39, 12, 55, 41, 16, 56, 53, 67, 33, 5, 28, 27, 10, 7, 73, 47, 19, 65, 24, 21, 11, 68, 45, 3, 40, 64, 51, 9, 61, 23, 72, 66, 36, 52, 70, 15, 49, 2, 4, 57, 62, 13, 69, 22, 26, 1, 32, 50, 54, 8, 25, 30, 60, 63, 31, 74, 42, 20, 0]",6792.874726348265,6.114245891571045,2721,38.0
tsp-problem-75-562-100-5-1.txt,"[0, 43, 17, 29, 48, 6, 44, 38, 58, 37, 71, 46, 59, 18, 35, 14, 34, 39, 12, 55, 41, 16, 56, 53, 67, 33, 5, 28, 27, 10, 7, 73, 47, 19, 65, 24, 21, 11, 68, 45, 3, 40, 64, 51, 9, 61, 23, 72, 66, 36, 52, 70, 15, 49, 2, 4, 57, 62, 13, 69, 22, 26, 1, 32, 50, 54, 74, 31, 63, 60, 30, 25, 8, 42, 20, 0]",6790.775920513667,20.19843053817749,3857927,1.7156696996751706
tsp-problem-200-16000-100-5-1.txt,"[0, 3, 164, 65, 123, 6, 179, 105, 153, 62, 181, 132, 64, 168, 81, 141, 46, 26, 188, 82, 93, 101, 147, 114, 156, 131, 118, 126, 135, 94, 108, 103, 12, 84, 146, 144, 182, 89, 75, 42, 68, 56, 190, 45, 167, 49, 143, 55, 2, 142, 166, 39, 30, 150, 67, 86, 78, 192, 130, 29, 109, 25, 21, 61, 189, 140, 111, 11, 121, 28, 183, 32, 127, 113, 90, 176, 110, 41, 20, 70, 180, 99, 117, 34, 148, 194, 92, 133, 69, 22, 57, 53, 172, 60, 83, 59, 187, 58, 13, 98, 191, 169, 100, 152, 51, 63, 136, 129, 193, 197, 4, 15, 151, 122, 14, 162, 48, 125, 50, 159, 106, 66, 107, 196, 174, 24, 72, 38, 87, 71, 170, 44, 173, 155, 112, 165, 184, 47, 186, 9, 35, 31, 198, 160, 88, 33, 139, 161, 104, 96, 40, 128, 177, 10, 85, 175, 8, 163, 134, 52, 95, 23, 73, 18, 195, 37, 54, 149, 119, 16, 27, 120, 7, 102, 17, 157, 5, 1, 97, 91, 145, 79, 80, 115, 199, 116, 138, 137, 36, 178, 43, 171, 19, 77, 76, 185, 158, 154, 74, 124, 0]",17639.37201916785,400.8008270263672,19825,100.5
tsp-problem-200-400-100-5-1.txt,"[0, 97, 167, 174, 99, 4, 84, 193, 114, 15, 135, 127, 18, 196, 148, 194, 153, 21, 81, 89, 88, 8, 40, 103, 52, 85, 161, 188, 146, 51, 155, 60, 140, 136, 80, 124, 143, 6, 102, 71, 38, 86, 48, 186, 160, 30, 185, 58, 198, 131, 178, 7, 154, 126, 109, 152, 9, 175, 16, 13, 189, 162, 56, 163, 29, 129, 26, 35, 49, 125, 144, 192, 168, 138, 73, 45, 68, 74, 134, 54, 76, 24, 42, 115, 172, 79, 164, 55, 117, 113, 72, 119, 43, 118, 17, 195, 50, 170, 116, 44, 14, 23, 62, 96, 156, 159, 121, 107, 176, 31, 77, 191, 33, 19, 184, 169, 61, 137, 63, 10, 39, 147, 139, 122, 22, 120, 158, 130, 57, 34, 157, 92, 91, 100, 133, 104, 183, 75, 179, 20, 94, 181, 12, 98, 166, 187, 171, 87, 28, 36, 180, 151, 90, 25, 197, 37, 69, 123, 105, 165, 32, 177, 59, 112, 128, 2, 110, 65, 53, 3, 106, 27, 145, 132, 199, 182, 5, 46, 78, 149, 47, 11, 70, 83, 111, 150, 66, 64, 141, 173, 82, 190, 93, 41, 95, 1, 142, 67, 101, 108, 0]",17712.453928682167,394.09394001960754,19809,100.5
tsp-problem-200-16000-100-25-1.txt,"[0, 186, 50, 121, 192, 128, 74, 4, 18, 73, 132, 39, 65, 133, 32, 151, 147, 9, 16, 6, 70, 122, 90, 112, 175, 55, 140, 83, 81, 129, 56, 93, 124, 104, 168, 66, 170, 115, 149, 64, 119, 91, 94, 7, 195, 160, 111, 79, 176, 198, 38, 72, 40, 35, 52, 100, 31, 103, 53, 75, 183, 194, 1, 68, 24, 167, 141, 159, 193, 2, 191, 164, 150, 45, 153, 126, 27, 143, 57, 30, 101, 80, 131, 97, 25, 21, 178, 156, 105, 86, 85, 14, 36, 196, 127, 44, 15, 174, 10, 59, 33, 47, 13, 69, 157, 138, 46, 169, 107, 117, 102, 92, 123, 134, 139, 110, 114, 54, 190, 181, 82, 179, 144, 26, 130, 108, 172, 8, 60, 78, 20, 136, 87, 161, 145, 34, 23, 71, 180, 19, 135, 109, 163, 188, 146, 29, 118, 96, 106, 99, 173, 189, 137, 89, 182, 62, 28, 185, 113, 76, 158, 162, 3, 5, 142, 61, 120, 148, 84, 43, 187, 88, 184, 98, 171, 177, 166, 12, 58, 22, 95, 152, 37, 48, 49, 63, 199, 42, 17, 165, 41, 155, 67, 197, 77, 116, 125, 154, 51, 11, 0]",8044.52050561036,392.41811537742615,19712,100.5
"tsp-problem-200-16000-100-25-1.txt
","[0, 186, 50, 121, 192, 128, 74, 4, 18, 73, 132, 39, 65, 133, 32, 151, 147, 9, 16, 6, 70, 122, 90, 112, 175, 55, 140, 83, 81, 129, 56, 93, 124, 104, 168, 66, 170, 115, 149, 64, 119, 91, 94, 7, 195, 160, 111, 79, 176, 198, 38, 72, 40, 35, 52, 100, 31, 103, 53, 75, 183, 194, 1, 68, 24, 167, 141, 159, 193, 2, 191, 164, 150, 45, 153, 126, 27, 143, 57, 30, 101, 80, 131, 97, 25, 21, 178, 156, 105, 86, 85, 14, 36, 196, 127, 44, 15, 174, 10, 59, 33, 47, 13, 69, 157, 138, 46, 169, 107, 117, 102, 92, 123, 134, 139, 110, 114, 54, 190, 181, 82, 179, 144, 26, 130, 108, 172, 8, 60, 78, 20, 136, 87, 161, 145, 34, 23, 71, 180, 19, 135, 109, 163, 188, 146, 29, 118, 96, 106, 99, 173, 189, 137, 89, 182, 62, 28, 185, 113, 76, 158, 162, 3, 5, 142, 61, 120, 148, 84, 43, 187, 88, 184, 98, 171, 177, 166, 12, 58, 22, 95, 152, 125, 116, 77, 197, 67, 155, 41, 165, 17, 42, 199, 63, 49, 48, 37, 154, 51, 11, 0]",8042.7570503963025,437.8802089691162,282241,22.049180327868854
tsp-problem-200-8000-100-25-1.txt,"[0, 30, 8, 165, 140, 139, 38, 135, 59, 21, 6, 41, 158, 77, 98, 3, 58, 72, 170, 94, 16, 51, 188, 66, 90, 43, 133, 93, 137, 57, 182, 102, 132, 14, 155, 50, 166, 181, 31, 10, 154, 169, 48, 106, 163, 34, 82, 117, 28, 196, 39, 84, 64, 138, 186, 156, 162, 40, 108, 143, 17, 91, 157, 70, 92, 52, 110, 119, 25, 145, 37, 129, 113, 46, 142, 174, 18, 33, 95, 175, 35, 11, 118, 146, 159, 151, 24, 27, 99, 79, 19, 199, 185, 112, 32, 105, 195, 198, 20, 127, 97, 194, 160, 63, 86, 4, 15, 171, 100, 149, 173, 73, 114, 71, 69, 123, 128, 88, 68, 148, 190, 111, 96, 125, 75, 184, 74, 177, 120, 122, 191, 54, 197, 80, 55, 176, 22, 23, 109, 53, 178, 26, 121, 7, 153, 187, 141, 45, 5, 152, 193, 124, 192, 115, 179, 85, 65, 172, 49, 61, 180, 44, 56, 67, 87, 107, 42, 47, 126, 81, 13, 60, 183, 12, 78, 189, 36, 83, 150, 168, 134, 130, 161, 104, 29, 116, 1, 131, 167, 2, 147, 144, 89, 164, 9, 76, 103, 136, 101, 62, 0]",8176.713801105661,390.18889355659485,19763,100.5
tsp-problem-200-8000-100-25-1.txt,"[0, 30, 8, 165, 140, 139, 38, 135, 59, 21, 6, 41, 158, 77, 98, 3, 58, 72, 170, 94, 16, 51, 188, 66, 90, 43, 133, 93, 137, 57, 182, 102, 132, 14, 155, 50, 166, 181, 31, 10, 154, 169, 48, 106, 163, 34, 82, 117, 28, 196, 39, 84, 64, 138, 186, 156, 162, 40, 108, 143, 17, 91, 157, 70, 92, 52, 110, 119, 25, 145, 37, 129, 113, 46, 142, 174, 18, 33, 95, 175, 35, 11, 118, 146, 159, 151, 24, 27, 99, 79, 19, 199, 185, 112, 32, 105, 195, 198, 20, 127, 97, 194, 160, 63, 86, 4, 15, 171, 100, 149, 173, 73, 114, 71, 69, 123, 128, 88, 68, 148, 190, 111, 96, 125, 75, 184, 74, 177, 120, 122, 191, 54, 197, 80, 55, 176, 22, 23, 109, 53, 178, 26, 121, 7, 153, 187, 141, 45, 5, 152, 193, 124, 192, 115, 179, 85, 65, 172, 49, 61, 180, 44, 56, 67, 87, 107, 42, 47, 126, 81, 13, 60, 183, 12, 78, 189, 36, 83, 150, 168, 29, 116, 1, 131, 167, 2, 147, 144, 89, 164, 9, 136, 103, 76, 130, 134, 104, 161, 101, 62, 0]",8168.048712647403,581.0095808506012,1035969,14.48656876790831